{
	"name": "Fondle Balls",
	"description": "Give their balls some needed love and care~",
	"usage": "other",
	"category": "Sex",
	"distance_allowed": 0,
	"message": [
		"<span class='purple'>%USER% rubs %TARGET%'s balls!</span>",
		"<span class='purple'>%USER% fondles %TARGET%'s balls!</span>",
		"<span class='purple'>%USER% rubs %TARGET%'s ballsack!</span>",
		"<span class='purple'>%USER% rubs %TARGET%'s nuts!</span>",
		"<span class='purple'>%USER% fondles %TARGET%'s orbs!</span>",
		"<span class='purple'>%USER% feels up %TARGET%'s balls with their hands!</span>",
		"<span class='purple'>%USER% grabs %TARGET%'s balls!</span>",
		"<span class='purple'>%USER% feels up %TARGET%'s orbs with their hands!</span>"
],
	"user_messages": [
		"<span class='purple'>You feel up %TARGET%'s balls.</span>",
		"<span class='purple'>You lovingly rub %TARGET%'s balls.</span>",
		"<span class='purple'>You fondle %TARGET%'s balls.</span>",
		"<span class='purple'>You grab %TARGET%'s balls!</span>",
		"<span class='purple'>You play with %TARGET%'s balls.!</span>",
		"<span class='purple'>You caress %TARGET%'s balls.</span>"
],
	"target_messages": [
		"<span class='purple'>You feel %USER%'s hands gently rubbing your balls.</span>",
		"<span class='purple'>You feel %USER%'s hands fondling your balls.</span>",
		"<span class='purple'>Your balls twitch as %USER% toys with your sack!</span>",
		"<span class='purple'>You feel %USER%'s hands fondling your orbs.</span>",
		"<span class='purple'>You feel %USER%'s hands fondling your ballsack.</span>",
		"<span class='purple'>Your balls twitch as %USER% plays with your sack!</span>",
		"<span class='purple'>Your balls twitch as %USER% plays with them!</span>",
		"<span class='purple'>Your balls twitch as %USER% toys with them!</span>",
		"<span class='purple'>You feel %USER%'s hands fondling your sack.</span>"
	],
	"target_required_parts": [
		"testicles"
	],
	"user_pleasure": 0,
	"user_arousal": 10,
	"target_pleasure": 5,
	"target_arousal": 7,
	"lewd": 1,
	"color": "pink"
	}
