{
    "name": "Lick cock",
    "description" : "Lick their cock!",
    "usage": "other",
    "category": "Sex",
    "distance_allowed": 0,
    "message": [
        "%USER% licks %TARGET%'s cock!",
        "%USER% drags their tongue along %TARGET%'s cock!",
        "%USER% licks the underside of %TARGET%'s cock!",
        "%USER% laps away at %TARGET%'s cock!",
        "%USER% brushes their tongue against %TARGET%'s cock!",
        "%USER% licks %TARGET%'s throbbing cock!",
        "%USER% drags their tongue along %TARGET%'s throbbing cock!",
        "%USER% licks the underside of %TARGET%'s throbbing cock!",
        "%USER% laps away at %TARGET%'s throbbing cock!",
        "%USER% brushes their tongue against %TARGET%'s throbbing cock!",        
        "%USER% licks %TARGET%'s twitching shaft!",
        "%USER% drags their tongue along %TARGET%'s twitching shaft!",
        "%USER% licks the underside of %TARGET%'s twitching shaft!",
        "%USER% laps away at %TARGET%'s twitching shaft!",
        "%USER% brushes their tongue against %TARGET%'s twitching shaft!",
        "%USER% tastes %TARGET%'s cock with their tongue!",
        "%USER% tastes %TARGET%'s throbbing cock with their tongue!",
        "%USER% tastes %TARGET%'s twitching shaft with their tongue!"

    ],
    "user_messages": [
        "<span class='purple'>You drag your tongue across %TARGET%'s warm cock.</span>",
        "<span class='purple'>You feel and taste %TARGET%'s hot shaft against your tongue.</span>",
        "<span class='purple'>You feel your tongue pressing against %TARGET%'s cock, it's warm and wet.</span>",
        "<span class='purple'>You feel %TARGET%'s cock throbbing against your tongue!</span>"
    ],
    "target_messages": [
        "<span class='purple'>You feel %USER%'s tongue licking your cock, it's warm.</span>",
        "<span class='purple'>You feel %USER%'s slick tongue lapping away at your shaft.</span>",
        "<span class='purple'>Your cock twitches from having %USER%'s tongue licking it.</span>",
        "<span class='purple'>You feel warm saliva coating your cock as %USER% licks it.</span>"
    ],
    "sound_range": 7,
    "target_required_parts": [
        "penis"
    ],
    "user_pleasure": 0,
    "user_arousal": 4,
    "target_pleasure": 5,
    "target_arousal": 7,
    "lewd": 1,
	"color": "pink"
}
