{
    "name": "Lick balls",
    "description" : "Lick their balls!",
    "usage": "other",
    "category": "Sex",
    "distance_allowed": 0,
    "message": [
        "%USER% licks %TARGET%'s balls!",
        "%USER% drags their tongue along %TARGET%'s balls!",
        "%USER% laps away at %TARGET%'s balls!",
        "%USER% brushes their tongue against %TARGET%'s balls!",
        "%USER% licks %TARGET%'s ballsack!",
        "%USER% drags their tongue along %TARGET%'s ballsack!",
        "%USER% laps away at %TARGET%'s ballsack!",
        "%USER% brushes their tongue against %TARGET%'s ballsack!",
        "%USER% licks %TARGET%'s orbs!",
        "%USER% drags their tongue along %TARGET%'s orbs!",
        "%USER% laps away at %TARGET%'s orbs!",
        "%USER% brushes their tongue against %TARGET%'s orbs!",
        "%USER% tastes %TARGET%'s balls with their tongue!",
        "%USER% tastes %TARGET%'s ballsack with their tongue!",
        "%USER% tastes %TARGET%'s orbs with their tongue!"

    ],
    "user_messages": [
        "<span class='purple'>You drag your tongue across %TARGET%'s warm set of balls.</span>",
        "<span class='purple'>You feel and taste %TARGET%'s pair of balls against your tongue.</span>",
        "<span class='purple'>You feel your tongue pressing against %TARGET%'s ballsack, they're warm and soft.</span>",
        "<span class='purple'>You feel %TARGET%'s balls against your tongue!</span>"
    ],
    "target_messages": [
        "<span class='purple'>You feel %USER%'s tongue licking your balls, it's warm.</span>",
        "<span class='purple'>You feel %USER%'s slick tongue lapping away at your nuts.</span>",
        "<span class='purple'>Your balls stiffen from having %USER%'s tongue licking them.</span>",
        "<span class='purple'>You feel warm saliva coating your orbs as %USER% licks them.</span>"
    ],
    "target_required_parts": [
        "testicles"
    ],
    "user_pleasure": 0,
    "user_arousal": 7,
    "target_pleasure": 5,
    "target_arousal": 7,
    "lewd": 1,
	"color": "pink"
}
