{
	"name": "Masturbate (Balls)",
	"description": "Fondle your own balls.",
	"usage": "self",
	"category": "Sex",
	"distance_allowed": 0,
	"message": [
		"<span class='purple'>%USER% fondles their own balls.</span>",
	"<span class='purple'>%USER% rubs their own balls vigorously!</span>",
	"<span class='purple'>%USER% plays with their own balls.</span>",
	"<span class='purple'>%USER% rubs their own balls gently.</span>",
	"<span class='purple'>%USER% plays with their own orbs.</span>",
	"<span class='purple'>%USER% rubs their own balls.</span>",
	"<span class='purple'>%USER% plays with their own ballsack.</span>"
],
	"user_required_parts": [
		"testicles"
	],
	"interaction_requires": [
		"self_hand"
		],
	"user_pleasure": 5,
	"user_arousal": 7,
	"lewd": 1,
	"color": "pink"
	}
