{
"name": "Masturbate (Breasts)",
"description": "Fondle your tits.",
"usage": "self",
"category": "Sex",
"distance_allowed": 0,
"message": [
	"<span class='purple'>%USER% rubs their own breasts.</span>",
	"<span class='purple'>%USER% gives their own breasts a squeeze.</span>",
	"<span class='purple'>%USER% gropes their own breasts.</span>",
	"<span class='purple'>%USER% gives their own boobs a squeeze.</span>",
	"<span class='purple'>%USER% rubs their own boobs.</span>",
	"<span class='purple'>%USER% rubs their own nipples.</span>",
	"<span class='purple'>%USER% gropes their own boobs.</span>",
	"<span class='purple'>%USER% jiggles their own boobs.</span>",
	"<span class='purple'>%USER% jiggles their own breasts.</span>",
	"<span class='purple'>%USER% jiggles their tits with their hands!</span>",
	"<span class='purple'>%USER% gives their own tits a squeeze.</span>",
	"<span class='purple'>%USER% feels up their own cleavage.</span>",
	"<span class='purple'>%USER% gropes their own tits.</span>",
	"<span class='purple'>%USER% squeezes their own breasts.</span>",
	"<span class='purple'>%USER% rubs their own tits.</span>",
	"<span class='purple'>%USER% grips their own breasts with their hands!</span>",
	"<span class='purple'>%USER% grips their own tits with their hands!</span>",
	"<span class='purple'>%USER% grips their own boobs with their hands!</span>"
],
"user_required_parts": [
	"breasts"
],
"interaction_requires": [
	"self_hand"
	],
"user_pleasure": 2,
"user_arousal": 1,
"lewd": 1,
"color": "pink"
}
