{
	"name": "Masturbate (Vagina)",
	"description": "Give your vagina some love.",
	"usage": "self",
	"category": "Sex",
	"distance_allowed": 0,
	"message": [
		"<span class='purple'>%USER% rubs their own clitoris.</span>",
		"<span class='purple'>%USER% sinks a finger into their own pussy.</span>",
		"<span class='purple'>%USER% gently pumps a finger into their own pussy.</span>",
		"<span class='purple'>%USER% sinks two fingers into their own pussy.</span>",
		"<span class='purple'>%USER% gently pumps two fingers into their own pussy.</span>",
		"<span class='purple'>%USER% rubs their own clit.</span>",
		"<span class='purple'>%USER% sinks a finger into their own vagina.</span>",
		"<span class='purple'>%USER% sinks two fingers into their own vagina.</span>",
		"<span class='purple'>%USER% rubs their own nub.</span>",
		"<span class='purple'>%USER% pumps two fingers into their own pussy.</span>",
		"<span class='purple'>%USER% vigorously pumps two fingers into their own pussy.</span>",
		"<span class='purple'>%USER% caresses their own labia gently.</span>",
		"<span class='purple'>%USER% gently pumps three fingers into their own pussy.</span>",
		"<span class='purple'>%USER% pumps three fingers into their own pussy.</span>",
		"<span class='purple'>%USER% sinks a finger into their own vagina.</span>",
		"<span class='purple'>%USER% caresses their own labia.</span>"
],
	"user_required_parts": [
		"vagina"
	],
	"interaction_requires": [
		"self_hand"
		],
	"user_pleasure": 3,
	"user_arousal": 5,
	"lewd": 1,
	"color": "pink"
	}
