{
	"name": "Masturbate (Anus)",
	"description": "Finger your own ass.",
	"usage": "self",
	"category": "Sex",
	"distance_allowed": 0,
	"message": [
		"<span class='purple'>%USER% gently pumps a finger in and out of their own asshole.</span>",
		"<span class='purple'>%USER% gently pumps two fingers in and out of their own asshole.</span>",
		"<span class='purple'>%USER% fingers their own ass!</span>",
		"<span class='purple'>%USER% tickles their own asshole with their fingers.</span>",
		"<span class='purple'>%USER% teases their own asshole with their fingers.</span>",
		"<span class='purple'>%USER% pumps a finger in and out of their own asshole.</span>",
		"<span class='purple'>%USER% pumps two fingers in and out of their own asshole.</span>",
		"<span class='purple'>%USER% stretches their own asshole with their fingers!</span>",
		"<span class='purple'>%USER% vigorously pumps two fingers in and out of their own asshole.</span>",
		"<span class='purple'>%USER% gently pumps three fingers in and out of their own asshole.</span>"
],
	"user_required_parts": [
		"anus"
	],
	"interaction_requires": [
	"self_hand"
	],
	"user_pleasure": 3,
	"user_arousal": 5,
	"user_pain": 2,
	"lewd": 1,
	"color": "pink"
	}
