{
	"name": "Squeeze Balls",
	"description": "Squeeze their balls in your hand! (This will cause them pain, obviously.)",
	"usage": "other",
	"category": "Sex",
	"distance_allowed": 0,
	"message": [
		"<span class='purple'>%USER% grabs %TARGET%'s balls and squeezes them!</span>",
		"<span class='purple'>%USER% grabs %TARGET%'s orbs and squeezes them!</span>",
		"<span class='purple'>%USER% squeezes %TARGET%'s balls!</span>",
		"<span class='purple'>%USER% grabs %TARGET%'s nuts and squeezes them!</span>",
		"<span class='purple'>%USER% grasps %TARGET%'s balls and squeezes them gently in their hand.</span>",
		"<span class='purple'>%USER% grasps %TARGET%'s balls and squeezes them in their hand.</span>",
		"<span class='purple'>%USER% grabs ahold of %TARGET%'s sack and squeezes it!</span>"
],
	"user_messages": [
		"<span class='purple'>You grab %TARGET%'s balls, giving them a gentle squeeze in your hand!</span>",
		"<span class='purple'>You grab %TARGET%'s balls, giving them a hearty squeeze!</span>",
		"<span class='purple'>You grab %TARGET%'s balls, giving them a rough squeeze in your hand!</span>",
		"<span class='purple'>You grab %TARGET%'s balls, giving them a hearty squeeze in your hand!</span>",
		"<span class='purple'>You grab %TARGET%'s balls, giving them a rough squeeze!</span>",
		"<span class='purple'>You squeeze %TARGET%'s balls.</span>",
		"<span class='purple'>You grab %TARGET%'s orbs, giving them a gentle squeeze in your hand!</span>"
],
	"target_messages": [
		"<span class='purple'>You feel an aching pain radiating into your abdomen as %USER% squeezes your balls in their hand.</span>",
		"<span class='purple'>You feel a strong pang in your stomach as %USER% squeezes your balls in their hand.</span>",
		"<span class='purple'>You feel pain in your groin as your balls are squeezed by %USER%'s hands!</span>"
],
	"target_required_parts": [
		"testicles"
	],
	"user_pleasure": 0,
	"user_arousal": 5,
	"target_pleasure": 5,
	"target_arousal": 7,
	"target_pain": 5,
	"lewd": 1,
	"color": "red"
	}
